{"cameraMode":{"drawMode":0,"name":"Shaded","section":"Shading Mode"},"sceneLighting":false,"audioPlay":false,"sceneViewState":{"showFog":true,"showMaterialUpdate":false,"showSkybox":false,"showFlares":true,"showImageEffects":true,"showParticleSystems":true},"in2DMode":false,"pivot":{"x":0.05869579315185547,"y":0.5,"z":0.1400008201599121},"rotation":{"x":0.1663122922182083,"y":0.7149109244346619,"z":-0.1816161423921585,"w":0.6544726490974426},"size":14.924811363220215,"orthographic":false}