{"cameraMode":{"drawMode":0,"name":"Shaded","section":"Shading Mode"},"sceneLighting":false,"audioPlay":false,"sceneViewState":{"showFog":true,"showMaterialUpdate":false,"showSkybox":false,"showFlares":true,"showImageEffects":true,"showParticleSystems":true},"in2DMode":false,"pivot":{"x":0.5885262489318848,"y":-1.6678276062011719,"z":10.671545028686524},"rotation":{"x":-0.27312037348747256,"y":-0.16293729841709138,"z":0.04699624329805374,"w":-0.9469174742698669},"size":11.900129318237305,"orthographic":false}