{"cameraMode":{"drawMode":0,"name":"Shaded","section":"Shading Mode"},"sceneLighting":false,"audioPlay":false,"sceneViewState":{"showFog":true,"showMaterialUpdate":false,"showSkybox":false,"showFlares":true,"showImageEffects":true,"showParticleSystems":true},"in2DMode":false,"pivot":{"x":-5.960464477539063e-8,"y":0.21067431569099427,"z":0.11678802967071533},"rotation":{"x":-0.14623712003231049,"y":0.7760308980941773,"z":-0.19510555267333985,"w":-0.5816569924354553},"size":1.0447386503219605,"orthographic":false}